{
  "FilterHeaders": [
    {
      "Header": "user-agent",
      "IncludeInScript": false
    },
    {
      "Header": "upgrade-insecure-requests",
      "IncludeInScript": true
    },
    {
      "Header": "sec-fetch-user",
      "IncludeInScript": true
    },
    {
      "Header": "sec-fetch-site",
      "IncludeInScript": true
    },
    {
      "Header": "sec-fetch-mode",
      "IncludeInScript": true
    },
    {
      "Header": "sec-fetch-dest",
      "IncludeInScript": true
    },
    {
      "Header": "priority",
      "IncludeInScript": true
    },
    {
      "Header": "origin",
      "IncludeInScript": true
    },
    {
      "Header": "if-none-match",
      "IncludeInScript": false
    },
    {
      "Header": "if-modified-since",
      "IncludeInScript": false
    },
    {
      "Header": "accept-language",
      "IncludeInScript": false
    },
    {
      "Header": "accept-encoding",
      "IncludeInScript": false
    },
    {
      "Header": "accept",
      "IncludeInScript": false
    }
  ],
  "FilterResources": [
    {
      "IsNonResource": true,
      "type": "text/html"
    }
  ],
  "GeneralInfo": {
    "BrowserVersion": "",
    "IsWinInetMode": false,
    "MaxUsedConnections": 7,
    "RecordedBrowser": "f:\\project\\firefoxportable\\firefoxportable.exe",
    "RecordingDate": "РґРµРє-06-2024",
    "RecordingDuration": 58563,
    "RecordingMode": "N/A",
    "RecordingTimeStamp": 1733488987,
    "RecordingType": "Application",
    "TotalBytesReceived": 8306,
    "TotalBytesSent": 6781,
    "TotalRequests": 11,
    "UserAgent": "Mozilla/5.0 (Windows NT 10.0; Win64; x64; rv:132.0) Gecko/20100101 Firefox/132.0"
  },
  "HostInfo": [
    {
      "DomainName": "mozilla.org",
      "Domains": [
        {
          "HTTPVersion": "HTTP/1.1",
          "IP": "34.120.208.123",
          "IncludeInScript": false,
          "Name": "incoming.telemetry.mozilla.org",
          "Port": 443,
          "Requests": [
            {
              "CompressionType": "gzip",
              "DataType": "text/plain",
              "DownloadTime": 250,
              "EventId": 573,
              "HttpStatus": 200,
              "Size": 20,
              "URL": "https://incoming.telemetry.mozilla.org/submit/firefox-desktop/dau-reporting/1/f73600d4-eeb6-4877-a675-e71ececc0f3f"
            },
            {
              "CompressionType": "gzip",
              "DataType": "text/plain",
              "DownloadTime": 297,
              "EventId": 571,
              "HttpStatus": 200,
              "Size": 20,
              "URL": "https://incoming.telemetry.mozilla.org/submit/firefox-desktop/baseline/1/d591fd5a-de9d-4189-a552-fd6aafe6d1b3"
            },
            {
              "CompressionType": "gzip",
              "DataType": "text/plain",
              "DownloadTime": 265,
              "EventId": 569,
              "HttpStatus": 200,
              "Size": 20,
              "URL": "https://incoming.telemetry.mozilla.org/submit/firefox-desktop/pageload/1/fa396e7a-2420-4cd6-bcb5-d6e86e9f96c5"
            },
            {
              "CompressionType": "gzip",
              "DataType": "text/plain",
              "DownloadTime": 282,
              "EventId": 567,
              "HttpStatus": 200,
              "Size": 20,
              "URL": "https://incoming.telemetry.mozilla.org/submit/firefox-desktop/use-counters/1/c0cda447-af2f-4f75-a5a0-0154f73a862e"
            },
            {
              "CompressionType": "gzip",
              "DataType": "text/plain",
              "DownloadTime": 234,
              "EventId": 561,
              "HttpStatus": 200,
              "Size": 20,
              "URL": "https://incoming.telemetry.mozilla.org/submit/firefox-desktop/events/1/6428c17f-f4f9-4a73-bd7c-35b8bf6f4274"
            }
          ],
          "SSLCipher": "TLS_AES_256_GCM_SHA384",
          "SSLVersion": "TLS1.3"
        },
        {
          "HTTPVersion": "HTTP/1.1",
          "IP": "35.244.181.201",
          "IncludeInScript": false,
          "Name": "aus5.mozilla.org",
          "Port": 443,
          "Requests": [
            {
              "CompressionType": "gzip",
              "DataType": "text/xml",
              "DownloadTime": 234,
              "EventId": 565,
              "HttpStatus": 200,
              "Size": 560,
              "URL": "https://aus5.mozilla.org/update/6/Firefox/132.0.2/20241110231641/WINNT_x86_64-msvc-x64/ru/release/Windows_NT%252010.0.0.0.19045.5131%2520(x64)/ISET%3ASSE4_2%2CMEM%3A32452/portableapps/1.0/update.xml?force=1"
            }
          ],
          "SSLCipher": "TLS_AES_256_GCM_SHA384",
          "SSLVersion": "TLS1.3"
        }
      ],
      "IncludeInScript": true
    },
    {
      "DomainName": "mozilla.com",
      "Domains": [
        {
          "HTTPVersion": "HTTP/1.1",
          "IP": "34.107.243.93",
          "IncludeInScript": false,
          "Name": "push.services.mozilla.com",
          "Port": 443,
          "Requests": [
            {
              "CompressionType": "",
              "DataType": "",
              "DownloadTime": 218,
              "EventId": 553,
              "HttpStatus": 101,
              "Size": 0,
              "URL": "https://push.services.mozilla.com/"
            }
          ],
          "SSLCipher": "TLS_AES_256_GCM_SHA384",
          "SSLVersion": "TLS1.3"
        },
        {
          "HTTPVersion": "HTTP/1.1",
          "IP": "34.149.100.209",
          "IncludeInScript": false,
          "Name": "firefox.settings.services.mozilla.com",
          "Port": 443,
          "Requests": [
            {
              "CompressionType": "",
              "DataType": "application/json",
              "DownloadTime": 47,
              "EventId": 549,
              "HttpStatus": 200,
              "Size": 327,
              "URL": "https://firefox.settings.services.mozilla.com/v1/buckets/main/collections/ms-language-packs/records/cfr-v1-ru"
            }
          ],
          "SSLCipher": "TLS_AES_256_GCM_SHA384",
          "SSLVersion": "TLS1.3"
        },
        {
          "HTTPVersion": "HTTP/1.1",
          "IP": "34.117.188.166",
          "IncludeInScript": false,
          "Name": "contile.services.mozilla.com",
          "Port": 443,
          "Requests": [
            {
              "CompressionType": "",
              "DataType": "",
              "DownloadTime": 203,
              "EventId": 551,
              "HttpStatus": 204,
              "Size": 0,
              "URL": "https://contile.services.mozilla.com/v1/tiles"
            }
          ],
          "SSLCipher": "TLS_AES_256_GCM_SHA384",
          "SSLVersion": "TLS1.3"
        }
      ],
      "IncludeInScript": true
    },
    {
      "DomainName": "lencr.org",
      "Domains": [
        {
          "HTTPVersion": "HTTP/1.1",
          "IP": "2.16.20.75",
          "IncludeInScript": false,
          "Name": "r11.o.lencr.org",
          "Port": 80,
          "Requests": [
            {
              "CompressionType": "",
              "DataType": "application/ocsp-response",
              "DownloadTime": 31,
              "EventId": 532,
              "HttpStatus": 200,
              "Size": 5,
              "URL": "http://r11.o.lencr.org/"
            }
          ],
          "SSLCipher": "None",
          "SSLVersion": "None"
        },
        {
          "HTTPVersion": "HTTP/1.1",
          "IP": "2.16.20.59",
          "IncludeInScript": false,
          "Name": "r10.o.lencr.org",
          "Port": 80,
          "Requests": [
            {
              "CompressionType": "",
              "DataType": "application/ocsp-response",
              "DownloadTime": 15,
              "EventId": 545,
              "HttpStatus": 200,
              "Size": 5,
              "URL": "http://r10.o.lencr.org/"
            },
            {
              "CompressionType": "",
              "DataType": "application/ocsp-response",
              "DownloadTime": 16,
              "EventId": 540,
              "HttpStatus": 200,
              "Size": 5,
              "URL": "http://r10.o.lencr.org/"
            },
            {
              "CompressionType": "",
              "DataType": "application/ocsp-response",
              "DownloadTime": 16,
              "EventId": 530,
              "HttpStatus": 200,
              "Size": 5,
              "URL": "http://r10.o.lencr.org/"
            }
          ],
          "SSLCipher": "None",
          "SSLVersion": "None"
        }
      ],
      "IncludeInScript": true
    },
    {
      "DomainName": "firefox.com",
      "Domains": [
        {
          "HTTPVersion": "HTTP/1.1",
          "IP": "34.107.221.82",
          "IncludeInScript": false,
          "Name": "detectportal.firefox.com",
          "Port": 80,
          "Requests": [
            {
              "CompressionType": "",
              "DataType": "text/plain",
              "DownloadTime": 31,
              "EventId": 520,
              "HttpStatus": 200,
              "Size": 8,
              "URL": "http://detectportal.firefox.com/success.txt?ipv4"
            }
          ],
          "SSLCipher": "None",
          "SSLVersion": "None"
        }
      ],
      "IncludeInScript": true
    },
    {
      "DomainName": "digicert.com",
      "Domains": [
        {
          "HTTPVersion": "HTTP/1.1",
          "IP": "192.229.221.95",
          "IncludeInScript": false,
          "Name": "ocsp.digicert.com",
          "Port": 80,
          "Requests": [
            {
              "CompressionType": "",
              "DataType": "application/ocsp-response",
              "DownloadTime": 594,
              "EventId": 563,
              "HttpStatus": 200,
              "Size": 5,
              "URL": "http://ocsp.digicert.com/"
            },
            {
              "CompressionType": "",
              "DataType": "application/ocsp-response",
              "DownloadTime": 250,
              "EventId": 555,
              "HttpStatus": 200,
              "Size": 5,
              "URL": "http://ocsp.digicert.com/"
            }
          ],
          "SSLCipher": "None",
          "SSLVersion": "None"
        }
      ],
      "IncludeInScript": true
    },
    {
      "DomainName": "127.0.0.1",
      "Domains": [
        {
          "HTTPVersion": "HTTP/1.1",
          "IP": "127.0.0.1",
          "IncludeInScript": true,
          "Name": "127.0.0.1",
          "Port": 1080,
          "Requests": [
            {
              "CompressionType": "",
              "DataType": "text/html",
              "DownloadTime": 62,
              "EventId": 629,
              "HttpStatus": 200,
              "Size": 1488,
              "URL": "http://127.0.0.1:1080/cgi-bin/nav.pl?in=home"
            },
            {
              "CompressionType": "",
              "DataType": "",
              "DownloadTime": 15,
              "EventId": 627,
              "HttpStatus": 304,
              "Size": 0,
              "URL": "http://127.0.0.1:1080/WebTours/home.html"
            },
            {
              "CompressionType": "",
              "DataType": "text/html",
              "DownloadTime": 15,
              "EventId": 622,
              "HttpStatus": 200,
              "Size": 686,
              "URL": "http://127.0.0.1:1080/cgi-bin/welcome.pl?signOff=1"
            },
            {
              "CompressionType": "",
              "DataType": "text/html",
              "DownloadTime": 62,
              "EventId": 612,
              "HttpStatus": 200,
              "Size": 1482,
              "URL": "http://127.0.0.1:1080/cgi-bin/nav.pl?page=menu&in=home"
            },
            {
              "CompressionType": "",
              "DataType": "text/html",
              "DownloadTime": 16,
              "EventId": 609,
              "HttpStatus": 200,
              "Size": 918,
              "URL": "http://127.0.0.1:1080/cgi-bin/login.pl?intro=true"
            },
            {
              "CompressionType": "",
              "DataType": "text/html",
              "DownloadTime": 16,
              "EventId": 604,
              "HttpStatus": 200,
              "Size": 481,
              "URL": "http://127.0.0.1:1080/cgi-bin/login.pl"
            },
            {
              "CompressionType": "",
              "DataType": "text/html",
              "DownloadTime": 63,
              "EventId": 593,
              "HttpStatus": 200,
              "Size": 1489,
              "URL": "http://127.0.0.1:1080/cgi-bin/nav.pl?in=home"
            },
            {
              "CompressionType": "",
              "DataType": "",
              "DownloadTime": 0,
              "EventId": 591,
              "HttpStatus": 304,
              "Size": 0,
              "URL": "http://127.0.0.1:1080/WebTours/home.html"
            },
            {
              "CompressionType": "",
              "DataType": "text/html",
              "DownloadTime": 31,
              "EventId": 586,
              "HttpStatus": 200,
              "Size": 686,
              "URL": "http://127.0.0.1:1080/cgi-bin/welcome.pl?signOff=true"
            },
            {
              "CompressionType": "",
              "DataType": "text/html",
              "DownloadTime": 0,
              "EventId": 581,
              "HttpStatus": 200,
              "Size": 710,
              "URL": "http://127.0.0.1:1080/WebTours/header.html"
            },
            {
              "CompressionType": "",
              "DataType": "text/html",
              "DownloadTime": 0,
              "EventId": 579,
              "HttpStatus": 200,
              "Size": 366,
              "URL": "http://127.0.0.1:1080/WebTours/"
            }
          ],
          "SSLCipher": "None",
          "SSLVersion": "None"
        }
      ],
      "IncludeInScript": true
    }
  ],
  "WebSocket": {
    "IncludeInScript": false,
    "IsScriptIncludeWebSocket": true
  },
  "NumberOfCorrelations": 1
}